<?xml version="1.0" encoding="UTF-8"?>
<!DOCTYPE suite SYSTEM "https://testng.org/testng-1.0.dtd">
<suite name="Suite">
  <test thread-count="5" name="Test">
    <classes>
      <class name="com.salesforce.testcases.TC_001_CreateNewLead"/>
      <class name="com.salesforce.testcases.TC_001_CreateNewOppturnities"/>
      <class name="com.salesforce.testcases.TC_001_CreateNewTask"/>
      <class name="com.salesforce.testcases.TC_001_CreateNewAccount"/>
    </classes>
  </test> <!-- Test -->
</suite> <!-- Suite -->
